<?xml version="1.0" encoding="UTF-8"?>
<beans xmlns="http://www.springframework.org/schema/beans"
    xmlns:xsi="http://www.w3.org/2001/XMLSchema-instance"
    xmlns:util="http://www.springframework.org/schema/util"
    xmlns:context="http://www.springframework.org/schema/context"    
    xsi:schemaLocation="http://www.springframework.org/schema/beans 
    http://www.springframework.org/schema/beans/spring-beans.xsd    
    http://www.springframework.org/schema/beans
    http://www.springframework.org/schema/beans/spring-beans-3.0.xsd
    http://www.springframework.org/schema/context
    http://www.springframework.org/schema/context/spring-context-3.0.xsd
    http://www.springframework.org/schema/util
   http://www.springframework.org/schema/util/spring-util-2.5.xsd">
<!-- <bean id="s1" class="com.nucleus.Student" scope="singleton">
</bean>
<bean id="adr" class="com.nucleus.Address">
<property name="city" value="New Delhi"></property>
<property name="country" value="India"></property>
<property name="landmarks">
<list>
<value>near bank1</value>
<value>near bank2</value>
</list>
</property>


</bean>
<bean id="s2" class="com.nucleus.Student" > 
<property name="studentId" value="103"/>
<property name="stdName" value="bbbbc"/>
<property name="address" ref="adr"></property>
</bean> -->
<bean id="adr" class="com.nucleus.Address">
<property name="city" value="New Delhi"></property>
<property name="country" value="India"></property>
<property name="landmarks">
<list>
<value>near bank1</value>
<value>near bank2</value>
</list>
</property>
</bean>
<bean id="adr1" class="com.nucleus.Address">
<property name="city" value="Pune"></property>
<property name="country" value="India"></property>
<property name="landmarks">
<list>
<value>near hazratganj</value>
<value>near kapoorthala</value>
</list>
</property>
</bean>
<bean id="s1" class="com.nucleus.Student">
<property name="studentId" value="103"/>
<property name="stdName" value="bbbbc"/>
<property name="address">
<list>
<ref bean="adr"></ref>
<ref bean="adr1"></ref>
</list>
</property>
</bean>

<!-- <bean id="s2" class="com.nucleus.Student">
<constructor-arg value="1"></constructor-arg>
<constructor-arg value="abcdef"></constructor-arg>
</bean>

<bean id="s3" class="com.nucleus.Student">

<constructor-arg type="String" value="abcdef"></constructor-arg>
<constructor-arg type="int" value="1"></constructor-arg>
</bean> -->

 </beans>